sec_idx,loc,pop_idx
88,0.306,0
89,0.978,0
91,0.254,0
92,0.061,0
92,0.889,0
95,0.114,0
95,0.73,0
99,0.884,0
100,0.512,0
102,0.604,0
103,0.887,0
106,0.13,0
108,0.931,0
109,0.206,0
114,0.097,0
114,0.36,0
117,0.274,0
117,0.82,0
119,0.56,0
121,0.012,0
124,0.278,0
127,0.211,0
132,0.8,0
137,0.915,0
139,0.173,0
142,0.344,0
143,0.425,0
145,0.309,0
148,0.613,0
149,0.234,0
154,0.83,0
163,0.287,0
164,0.427,0
164,0.632,0
171,0.19,0
171,0.383,0
172,0.646,0
175,0.603,0
176,0.477,0
176,0.878,0
